{"Q":[-0.261401291,0.118482824,0.516929478,-0.122528961,0.520129653,-0.379911617,0.096277639,1.170467973,0.696803318,0.333316692,-1.133444843,0.403709318,-0.001504772,-1.135849013,-0.069962882,1.467440982,0.450421774,0.837985942,-0.2391338,-0.134093613,0.529748573,0.021740923,-0.001504772,1.03812209,2.322112539,0.0,-2.229761092,0.007784168,-0.721281453,0.143181883,1.667889932,-0.698113035,1.933639471,0.516929478,-1.089838883,0.010553504],"W":[-1.178903887,-0.273664111,0.316905245,-0.351291561,3.196414293,-1.206834417,0.557577078,-1.064327914,-1.1378144,0.488371203,-0.266325377,-1.013943719,1.58436052,0.754387147,1.613937893,0.754387147,-0.19791544,-0.099194387,-0.046048006,0.019707758,1.804069597,2.140172442,3.516083592,2.269890719,-0.99976199,0.0,0.212181192,1.835106128,-0.970777203,-1.041728144,-0.018392666,-0.19791544,0.598821925,-0.236460151,0.904402945,-1.095184388],"T":[-1.093199644,1.96643217,2.163980338,2.072885244,1.754787177,-0.255329853,-0.245089691,-0.365231244,1.00571286,0.710440191,-0.98270559,0.648703342,-0.595938723,-0.633303081,-0.347159044,-1.268097215,-2.221267383,0.114403967,-0.301007036,-0.053331619,0.781295953,0.761708427,-0.341126924,-0.273019644,-2.385090928,6.712807632,-1.593807282,-1.268427651,-1.421433694,2.627272474,-0.451600424,-0.485286204,-0.881553775,-0.456432062,1.52248483,0.997244816],"P":[-0.21185727,-0.684626387,0.576636648,1.35155435,1.825395762,0.306173268,0.299336449,0.800247962,0.101524342,2.118926029,0.166988838,-0.379579417,2.305722063,1.702208142,-0.225681671,-1.297989836,-0.148253729,0.033462235,-0.92137362,-1.165387352,0.329985862,-1.193502649,0.386367453,0.597402294,-2.08423407,0.0,8.840987639,-3.506176745,-0.069900751,-0.07673266,-1.504261964,-0.682704061,0.188564627,0.38030024,0.411592145,0.902653826],"C":[-0.858927139,-0.2059182,0.000673,-0.872352143,-1.579256297,-0.065121714,-0.836252046,-1.603185786,-0.606779876,-1.50518697,-0.799154523,-0.736550286,-0.681095231,-1.403741516,-0.721663627,-0.109439915,0.034753233,-1.358947993,-0.670746466,1.086161866,2.983011252,-0.665539905,-1.365934918,-0.822461144,1.746885945,0.0,-0.378220329,0.180048633,0.895278849,-0.681095231,-0.633835616,3.242164278,-1.433932959,0.142272587,0.027870979,-1.508345813],"V":[1.457242065,-2.616110185,-0.396675284,-0.11382791,0.212029832,-0.695460822,-1.087397706,-1.297240742,-2.33520287,-1.212664098,0.094768299,-0.758484413,-0.60158728,-1.454865547,-0.297262015,-1.00570096,1.468165206,-1.023218484,-1.490765016,-1.34448546,-1.084954544,-0.535644684,1.399537134,1.493781966,1.28847016,0.0,-1.049450226,1.353320987,-0.631332241,-0.514248774,0.709695349,-0.067016945,0.52333289,-1.185900856,-0.794656323,-1.582267454],"L":[-0.073570666,0.988770156,-0.457827032,-1.577102871,-1.931889781,-0.960646998,-1.488767943,-1.173311331,0.601885578,-0.123965851,-1.156874947,-0.417013032,0.374098702,-0.131101576,0.270281437,0.651429391,1.279820424,1.536322737,3.132020831,-0.702691777,0.217733087,-2.353342053,-0.011873026,1.308515076,-1.260426833,0.0,-1.936666596,1.015046345,0.089956993,-1.130008328,-1.076233843,-0.644576738,1.099682376,0.76312231,-0.766292031,-0.936195361],"M":[0.490383452,1.049317943,-1.002853521,0.59415303,-0.944900979,0.020091141,0.044276052,-0.3518424,0.248648203,0.599757756,0.656638217,0.703274411,1.129772909,1.155115339,1.142408582,-0.319995056,-0.02741733,0.744948069,-1.410924237,-1.4357836,-1.814847013,-0.151763931,2.220827001,0.571907971,0.011856821,0.0,-0.670746466,2.661116882,-1.701134935,-0.635153733,-0.60392221,-0.530173803,0.933612747,0.343287769,-0.553587931,-0.700131943],"N":[1.876908911,-0.478373854,1.274145078,2.163324417,1.277483472,1.476672395,1.701883385,1.550730275,0.100286546,0.329627278,-2.023951162,0.815556304,-0.059238941,-0.660505308,0.753257439,0.453592475,1.04926692,-1.208082364,-0.764087965,-0.723801963,0.048474645,0.008088932,1.408831737,-0.548113572,0.921529867,0.0,-1.020586488,-1.309665039,0.406445756,0.807170411,-1.02294355,-0.650867877,-0.211060354,1.126693459,-0.277968447,0.422071151],"H":[-1.656144393,-1.460292319,0.155368529,-0.802999608,-0.658933451,0.206179723,-2.078882283,0.287105501,-0.270478664,-0.696890032,-1.086438089,-0.68179581,-0.11919396,0.277427223,-0.469772701,1.38622223,-0.257938317,-1.038147476,1.171211439,0.063837916,-0.457724091,-0.241098815,0.443704065,-1.478451745,0.216491712,0.0,-1.777751335,-0.822940886,1.550419776,-1.563710303,-0.693127374,0.593331176,1.000102468,-0.745160374,1.165501264,2.388508246],"A":[0.643566792,0.463656262,0.728223328,-0.712694254,0.025785021,0.254419942,0.504553915,-1.363125164,-1.274417011,-0.881855915,0.870267629,-0.803966982,-0.655699199,-1.635168816,-2.655611098,0.593644042,1.130049951,0.872865674,-0.670677434,-0.318350483,-0.197809077,-0.314483713,2.527567761,0.187094495,0.018605811,0.0,-1.640349769,2.555717885,-0.303663614,0.468834558,0.672470383,-0.009982776,0.596705055,0.53249314,-0.064213589,0.661910005],"D":[-1.858110749,2.087701754,0.18459469,0.909102807,0.019627504,-1.372470228,-0.729760365,-1.342141292,-1.309123905,-0.329069873,0.242786087,0.264489434,-0.98049529,-1.190507927,-1.710263756,0.584784723,1.216481,0.516929478,-0.527638245,-0.640504374,1.252300078,-0.386553192,-0.075846582,-1.705943145,1.67743405,0.0,-1.810007247,-3.224767622,-1.910546729,-3.165587577,-0.838013451,-1.714275722,-1.285895529,-1.211793351,-1.140651625,0.696803318],"G":[0.6667798,-1.010329681,1.234727117,0.603194144,-0.811537988,1.750738504,-0.54231004,0.591362492,1.504955524,0.613925671,1.763123424,-0.162562191,-1.227450609,0.443009557,0.792887327,1.794527889,-1.220162522,-0.954328972,0.991441247,1.498614673,1.238458389,1.15207895,-0.865147855,-1.435801388,2.433889563,0.0,1.089858703,0.244556281,1.899824956,-0.092892713,-0.981848623,1.060044376,0.019095483,-0.431128276,-1.115188463,1.489878866],"E":[-0.898492098,-2.177979238,-0.711047565,-0.377486814,-0.415256764,-1.994880179,0.470063661,-1.139417072,-1.119291876,-2.891180342,-1.325926396,-0.569253493,-1.872851558,-1.876445635,-0.674946469,-1.244350795,-0.854668493,0.039087506,0.476802535,0.499396137,-0.1269555,1.329982447,-2.544507464,-1.166465924,0.32328576,0.0,-2.357617233,-2.844994208,-3.319361604,-1.913974171,-2.930020015,-3.300793611,-2.072797994,-1.578815622,-2.091989849,-2.159233416],"_":[0.0,0.0,0.0,0.0,0.0,0.0,0.0,0.0,0.0,0.0,0.0,0.0,0.0,0.0,0.0,0.0,0.0,0.0,0.0,0.0,0.0,0.0,0.0,0.0,0.0,0.0,0.0,0.0,0.0,0.0,0.0,0.0,0.0,0.0,0.0,0.0],"Y":[-0.278213206,-0.850361427,0.078636885,-1.451141782,-0.665797265,0.837145364,-0.292247577,2.410999904,3.481027534,-0.712825749,0.442191457,1.347902851,1.048663239,3.193634153,-0.245036399,1.566471851,0.54650571,0.900956625,-0.047970333,1.49121678,-1.193952853,1.007321773,1.355891279,0.623762799,1.800273499,-2.099386824,-1.437248416,0.402018823,3.931566053,0.760041284,-0.151763931,1.605072639,0.395011978,1.44000662,1.977534602,-0.69161504],"S":[0.070851222,-0.385476081,0.459517027,-0.184678335,0.696248848,0.850712567,1.055495691,1.384967637,1.610823014,0.266402815,-0.944417237,0.100481011,-0.76616388,0.173368737,-0.54363997,-0.554199039,-0.631610934,0.444797921,0.406507376,0.288163456,-1.665381746,-0.015796121,-1.614181856,-3.254932975,0.172676379,-3.491108893,-4.098530258,-1.692032225,-1.798131833,-1.70848766,-0.696448857,-0.579870261,-2.125818167,-1.207481044,-0.934295732,0.159864699],"I":[-0.904483972,-1.400408638,-1.34031748,-1.069863273,-0.932361238,0.811360259,0.246325948,1.032332602,-0.647646908,-1.345846288,-0.175115472,-0.532124507,-0.962947604,-0.246496874,-0.006597697,-0.920012843,-0.818762415,0.318481183,-0.378492914,1.961373914,0.351210579,0.024606522,-1.53683365,0.671048061,-2.407745711,0.0,-1.846050108,2.00457539,-0.917287725,0.882133811,0.174369618,0.417949874,0.242375804,-0.588926352,-1.087221719,-0.618464487],